{"stats":{"minecraft:killed_by":{"undead_revamp2:the_moonflower":2},"minecraft:mined":{"minecraft:hay_block":29,"minecraft:scaffolding":1,"luminousworld:tall_deadbush":1,"iceandfire:copper_pile":12,"minecraft:wheat":27,"luminousworld:bao_bob_log":13,"luminousworld:savannah_grass_1":3,"minecraft:acacia_log":4,"luminousworld:savannah_grass_4":2,"luminousworld:savanna_grass_2":1},"minecraft:killed":{"undead_revamp2:the_moonflower":1,"luminousworld:savannah_zombie":1},"minecraft:picked_up":{"minecraft:scaffolding":1,"iceandfire:copper_nugget":100,"minecraft:wheat":26,"minecraft:acacia_log":4,"minecraft:item_frame":1,"minecraft:rotten_flesh":3,"minecraft:wheat_seeds":75,"minecraft:hay_block":28,"minecraft:iron_ingot":2,"luminousworld:tall_deadbush":3,"luminousworld:bao_bob_log":13,"minecraft:melon_seeds":1,"minecraft:iron_boots":1},"minecraft:custom":{"minecraft:time_since_rest":13535,"minecraft:sprint_one_cm":25698,"minecraft:damage_taken":745,"minecraft:walk_one_cm":42030,"minecraft:mob_kills":2,"minecraft:damage_dealt":1070,"minecraft:swim_one_cm":256,"minecraft:interact_with_crafting_table":4,"minecraft:fly_one_cm":37304,"minecraft:open_chest":5,"minecraft:crouch_one_cm":195,"minecraft:play_time":17563,"tombstone:undead_killed":2,"minecraft:deaths":2,"minecraft:sneak_time":468,"minecraft:walk_under_water_one_cm":1180,"minecraft:jump":184,"minecraft:walk_on_water_one_cm":8724,"minecraft:time_since_death":13906,"minecraft:total_world_time":17563,"minecraft:fall_one_cm":4908},"minecraft:broken":{"minecraft:wooden_axe":1},"minecraft:crafted":{"minecraft:crafting_table":1,"minecraft:stick":4,"minecraft:wooden_pickaxe":1,"minecraft:wooden_axe":1,"minecraft:acacia_planks":16,"minecraft:bread":72,"minecraft:wheat":252},"minecraft:used":{"minecraft:wooden_axe":30,"minecraft:bread":4,"minecraft:wooden_pickaxe":13,"minecraft:iron_boots":1,"minecraft:crafting_table":1,"tombstone:gift":1,"alexsmobs:animal_dictionary":1,"minecraft:acacia_planks":1}},"DataVersion":3465}