{"stats":{"minecraft:killed_by":{"minecraft:husk":3,"undead_revamp2:the_moonflower":2,"minecraft:skeleton":1,"born_in_chaos_v1:zombie_bruiser":1},"minecraft:dropped":{"minecraft:wheat_seeds":91,"minecraft:wheat":1,"minecraft:tall_grass":1,"minecraft:rotten_flesh":10,"minecraft:cooked_mutton":1,"minecraft:melon_seeds":1,"luminousworld:elephant_grass":1},"minecraft:mined":{"iceandfire:pixie_jar_empty":1,"minecraft:smithing_table":1,"luminousworld:savannah_soil":3,"minecraft:scaffolding":1,"luminousworld:tall_deadbush":1,"iceandfire:copper_pile":30,"iceandfire:myrmex_desert_resin_glass":1,"luminousworld:savannah_grass_1":3,"minecraft:acacia_log":5,"minecraft:calcite":4,"iceandfire:lectern":1,"friendsandfoes:acacia_beehive":2,"luminousworld:savanna_grass_2":3,"minecraft:spawner":1,"minecraft:hay_block":29,"minecraft:wheat":30,"luminousworld:bao_bob_log":13,"minecraft:stripped_dark_oak_wood":1,"minecraft:dirt_path":3,"minecraft:cyan_carpet":1,"luminousworld:elephant_grass":2,"luminousworld:savannah_grass_4":2},"minecraft:killed":{"born_in_chaos_v1:baby_skeleton":1,"undead_revamp2:the_moonflower":1,"born_in_chaos_v1:zombie_bruiser":1,"born_in_chaos_v1:maggot":4,"undead_revamp2:theswarmer":2,"luminousworld:savannah_skeleton":2,"minecraft:bee":1,"luminousworld:savannah_zombie":1},"minecraft:picked_up":{"minecraft:wheat":29,"minecraft:golden_carrot":1,"minecraft:salmon":1,"minecraft:smithing_table":1,"iceandfire:myrmex_desert_resin_glass":1,"minecraft:enchanted_book":2,"minecraft:item_frame":1,"minecraft:cooked_mutton":2,"minecraft:bone":3,"iceandfire:pixie_jar_empty":1,"minecraft:wheat_seeds":86,"minecraft:iron_ingot":2,"luminousworld:elephant_grass":1,"minecraft:calcite":4,"minecraft:tall_grass":1,"minecraft:honeycomb":3,"minecraft:iron_boots":1,"minecraft:scaffolding":1,"iceandfire:copper_nugget":250,"minecraft:acacia_log":5,"tombstone:grave_dust":2,"minecraft:arrow":2,"minecraft:rotten_flesh":10,"iceandfire:lectern":1,"minecraft:writable_book":1,"minecraft:hay_block":28,"alexsmobs:emu_egg":1,"supplementaries:ash":1,"minecraft:gold_ingot":2,"luminousworld:tall_deadbush":3,"tombstone:magic_scroll":1,"luminousworld:bao_bob_log":13,"minecraft:melon_seeds":1},"minecraft:custom":{"minecraft:interact_with_smithing_table":1,"minecraft:interact_with_furnace":1,"minecraft:mob_kills":13,"minecraft:interact_with_crafting_table":8,"minecraft:open_barrel":2,"minecraft:eat_cake_slice":5,"minecraft:time_since_death":7847,"minecraft:sleep_in_bed":1,"minecraft:time_since_rest":7266,"minecraft:sprint_one_cm":198558,"minecraft:damage_taken":2569,"minecraft:walk_one_cm":143667,"minecraft:drop":15,"minecraft:damage_dealt":3453,"minecraft:swim_one_cm":256,"minecraft:talked_to_villager":4,"minecraft:fly_one_cm":182932,"minecraft:open_chest":13,"minecraft:crouch_one_cm":712,"minecraft:play_time":53563,"tombstone:undead_killed":8,"minecraft:deaths":7,"minecraft:sneak_time":649,"minecraft:walk_under_water_one_cm":1180,"minecraft:jump":715,"minecraft:walk_on_water_one_cm":8928,"minecraft:total_world_time":53563,"minecraft:fall_one_cm":13392},"minecraft:broken":{"minecraft:wooden_axe":1},"minecraft:crafted":{"minecraft:crafting_table":3,"minecraft:wooden_pickaxe":1,"minecraft:copper_ingot":22,"minecraft:bread":72,"iceandfire:armor_copper_metal_helmet":1,"iceandfire:copper_axe":1,"minecraft:stick":12,"iceandfire:armor_copper_metal_chestplate":1,"minecraft:wooden_axe":1,"iceandfire:copper_pickaxe":1,"minecraft:acacia_planks":20,"luminousworld:baobab_plank":32,"minecraft:wheat":252},"minecraft:used":{"minecraft:cooked_mutton":1,"minecraft:wooden_pickaxe":25,"luminousworld:bao_bob_log":5,"minecraft:crafting_table":3,"iceandfire:myrmex_desert_resin_glass":1,"minecraft:wooden_axe":30,"iceandfire:armor_copper_metal_chestplate":1,"minecraft:bread":10,"iceandfire:copper_axe":90,"minecraft:iron_boots":1,"iceandfire:copper_pickaxe":15,"minecraft:smithing_table":1,"iceandfire:armor_copper_metal_helmet":1,"tombstone:gift":1,"alexsmobs:animal_dictionary":1,"minecraft:acacia_planks":1}},"DataVersion":3465}