{"stats":{"minecraft:killed_by":{"minecraft:husk":1,"undead_revamp2:the_moonflower":2},"minecraft:dropped":{"minecraft:wheat_seeds":22,"minecraft:cooked_mutton":1},"minecraft:mined":{"minecraft:hay_block":29,"minecraft:scaffolding":1,"luminousworld:tall_deadbush":1,"iceandfire:copper_pile":24,"minecraft:wheat":27,"luminousworld:bao_bob_log":13,"iceandfire:myrmex_desert_resin_glass":1,"luminousworld:savannah_grass_1":3,"minecraft:acacia_log":5,"luminousworld:savannah_grass_4":2,"luminousworld:savanna_grass_2":2},"minecraft:killed":{"born_in_chaos_v1:baby_skeleton":1,"undead_revamp2:the_moonflower":1,"luminousworld:savannah_zombie":1,"undead_revamp2:theswarmer":1},"minecraft:picked_up":{"minecraft:scaffolding":1,"iceandfire:copper_nugget":200,"minecraft:wheat":28,"minecraft:salmon":1,"minecraft:acacia_log":5,"iceandfire:myrmex_desert_resin_glass":1,"minecraft:enchanted_book":2,"minecraft:cooked_mutton":2,"minecraft:item_frame":1,"minecraft:bone":1,"minecraft:rotten_flesh":4,"minecraft:wheat_seeds":81,"minecraft:writable_book":1,"minecraft:hay_block":28,"minecraft:iron_ingot":2,"alexsmobs:emu_egg":1,"minecraft:gold_ingot":2,"luminousworld:tall_deadbush":3,"tombstone:magic_scroll":1,"luminousworld:bao_bob_log":13,"minecraft:melon_seeds":1,"minecraft:iron_boots":1},"minecraft:custom":{"minecraft:time_since_rest":1,"minecraft:interact_with_furnace":1,"minecraft:sprint_one_cm":69287,"minecraft:damage_taken":1210,"minecraft:walk_one_cm":86274,"minecraft:mob_kills":4,"minecraft:drop":5,"minecraft:damage_dealt":1567,"minecraft:swim_one_cm":256,"minecraft:interact_with_crafting_table":6,"minecraft:fly_one_cm":71478,"minecraft:open_barrel":2,"minecraft:open_chest":9,"minecraft:crouch_one_cm":712,"minecraft:play_time":29563,"tombstone:undead_killed":4,"minecraft:deaths":3,"minecraft:sneak_time":642,"minecraft:walk_under_water_one_cm":1180,"minecraft:jump":340,"minecraft:eat_cake_slice":5,"minecraft:walk_on_water_one_cm":8724,"minecraft:time_since_death":14,"minecraft:sleep_in_bed":1,"minecraft:total_world_time":29563,"minecraft:fall_one_cm":8055},"minecraft:broken":{"minecraft:wooden_axe":1},"minecraft:crafted":{"iceandfire:copper_axe":1,"minecraft:crafting_table":2,"minecraft:stick":8,"minecraft:wooden_pickaxe":1,"iceandfire:armor_copper_metal_chestplate":1,"minecraft:wooden_axe":1,"minecraft:copper_ingot":22,"iceandfire:copper_pickaxe":1,"minecraft:acacia_planks":20,"minecraft:bread":72,"iceandfire:armor_copper_metal_helmet":1,"minecraft:wheat":252},"minecraft:used":{"minecraft:wooden_axe":30,"iceandfire:armor_copper_metal_chestplate":1,"minecraft:bread":8,"iceandfire:copper_axe":15,"minecraft:wooden_pickaxe":25,"minecraft:iron_boots":1,"minecraft:crafting_table":2,"iceandfire:armor_copper_metal_helmet":1,"tombstone:gift":1,"alexsmobs:animal_dictionary":1,"minecraft:acacia_planks":1}},"DataVersion":3465}