{"stats":{"minecraft:broken":{"minecraft:iron_axe":1,"minecraft:wooden_axe":1,"iceandfire:armor_copper_metal_chestplate":1},"minecraft:picked_up":{"minecraft:crafting_table":1,"minecraft:wheat":32,"minecraft:smithing_table":4,"minecraft:enchanted_book":5,"luminousworld:bao_bob_wood":27,"tombstone:grave_key":1,"minecraft:brewing_stand":1,"minecraft:string":3,"minecraft:acacia_door":7,"minecraft:iron_leggings":1,"minecraft:item_frame":5,"minecraft:experience_bottle":5,"iceandfire:bestiary":3,"minecraft:acacia_fence_gate":1,"minecraft:calcite":4,"minecraft:observer":1,"minecraft:lectern":4,"minecraft:coal_block":6,"iceandfire:podium_acacia":3,"minecraft:phantom_membrane":1,"minecraft:iron_boots":1,"minecraft:raw_iron":4,"minecraft:stripped_mangrove_wood":1,"minecraft:acacia_fence":2,"minecraft:acacia_log":27,"luminousworld:savannah_soil":4,"tombstone:grave_dust":3,"luminousworld:baobab_plank":4,"minecraft:orange_bed":7,"minecraft:stone_sword":1,"minecraft:rotten_flesh":13,"minecraft:arrow":8,"minecraft:weeping_vines":1,"minecraft:light_gray_bed":1,"artifacts:cowboy_hat":1,"quark:acacia_chest":6,"minecraft:hay_block":65,"alexsmobs:emu_egg":1,"minecraft:gold_ingot":5,"luminousworld:tall_deadbush":4,"supplementaries:ash":1,"minecraft:mutton":2,"minecraft:cobblestone":33,"minecraft:golden_carrot":1,"minecraft:salmon":1,"minecraft:acacia_leaves":1,"minecraft:golden_leggings":1,"iceandfire:myrmex_desert_resin_glass":1,"minecraft:acacia_wood":28,"minecraft:flint":5,"minecraft:oak_log":29,"minecraft:yellow_bed":5,"minecraft:acacia_boat":1,"minecraft:dirt":1,"minecraft:lantern":2,"tombstone:gift":1,"minecraft:cooked_mutton":2,"minecraft:bone":10,"minecraft:acacia_planks":11,"iceandfire:pixie_jar_empty":3,"minecraft:wheat_seeds":97,"minecraft:acacia_trapdoor":16,"minecraft:bell":1,"minecraft:grindstone":1,"minecraft:iron_ingot":6,"luminousworld:elephant_grass":3,"minecraft:tall_grass":1,"minecraft:fletching_table":4,"minecraft:iron_sword":1,"minecraft:honeycomb":3,"iceandfire:crackled_cobblestone":3,"minecraft:book":4,"minecraft:scaffolding":1,"iceandfire:copper_nugget":600,"born_in_chaos_v1:ethereal_spirit":1,"minecraft:gravel":2,"minecraft:blast_furnace":1,"minecraft:acacia_stairs":2,"minecraft:cyan_bed":6,"iceandfire:lectern":4,"minecraft:writable_book":2,"minecraft:iron_helmet":1,"minecraft:painting":2,"minecraft:emerald":1,"minecraft:spruce_sign":2,"minecraft:bread":1,"tombstone:magic_scroll":1,"luminousworld:bao_bob_log":126,"minecraft:acacia_slab":1,"minecraft:melon_seeds":2,"minecraft:coal":3,"iceandfire:raw_silver":9},"minecraft:used":{"minecraft:stone_sword":23,"minecraft:iron_shovel":44,"born_in_chaos_v1:ethereal_spirit":9,"minecraft:shield":23,"minecraft:iron_sword":123,"luminousworld:bao_bob_log":5,"minecraft:bell":1,"minecraft:orange_bed":7,"minecraft:torch":2,"minecraft:brewing_stand":1,"iceandfire:myrmex_desert_resin_glass":1,"minecraft:wooden_axe":30,"minecraft:lantern":1,"minecraft:iron_axe":327,"iceandfire:copper_axe":93,"minecraft:iron_helmet":1,"minecraft:iron_boots":1,"iceandfire:copper_pickaxe":21,"luminousworld:savannah_soil":2,"iceandfire:armor_copper_metal_helmet":2,"tombstone:gift":1,"minecraft:acacia_wood":1,"minecraft:acacia_planks":68,"minecraft:light_gray_bed":1,"minecraft:cooked_mutton":1,"minecraft:acacia_boat":1,"minecraft:acacia_trapdoor":10,"minecraft:wooden_pickaxe":25,"minecraft:fletching_table":6,"luminousworld:baobab_plank":25,"minecraft:blast_furnace":1,"minecraft:crafting_table":6,"quark:acacia_chest":6,"minecraft:painting":2,"minecraft:acacia_stairs":1,"iceandfire:armor_copper_metal_chestplate":1,"minecraft:bread":60,"minecraft:cyan_bed":2,"minecraft:iron_pickaxe":107,"minecraft:lectern":3,"minecraft:cobblestone":18,"minecraft:potion":1,"minecraft:smithing_table":4,"alexsmobs:animal_dictionary":1,"minecraft:yellow_bed":2},"minecraft:mined":{"iceandfire:silver_ore":9,"iceandfire:copper_pile":72,"minecraft:brewing_stand":1,"minecraft:ladder":1,"minecraft:acacia_log":27,"luminousworld:bao_bob_wood":27,"minecraft:light_gray_bed":1,"iceandfire:lectern":4,"minecraft:coal_block":6,"luminousworld:baobab_plank":4,"quark:acacia_chest":6,"minecraft:acacia_slab":1,"luminousworld:savanna_grass_2":7,"minecraft:spawner":3,"iceandfire:crackled_cobblestone":3,"minecraft:hay_block":66,"minecraft:acacia_trapdoor":16,"minecraft:iron_ore":4,"minecraft:fire":11,"minecraft:acacia_wood":29,"minecraft:acacia_stairs":3,"minecraft:fletching_table":4,"minecraft:stripped_dark_oak_wood":1,"minecraft:bell":1,"minecraft:dirt_path":4,"minecraft:lantern":1,"minecraft:stripped_mangrove_wood":1,"minecraft:stone":33,"minecraft:orange_bed":7,"iceandfire:pixie_jar_empty":3,"minecraft:smithing_table":4,"luminousworld:savannah_soil":7,"minecraft:scaffolding":1,"minecraft:acacia_leaves":8,"minecraft:glass_pane":2,"luminousworld:tall_deadbush":4,"minecraft:observer":1,"iceandfire:podium_acacia":3,"iceandfire:myrmex_desert_resin_glass":1,"minecraft:crafting_table":1,"luminousworld:savannah_grass_1":6,"minecraft:blast_furnace":1,"minecraft:calcite":4,"minecraft:rose_bush":1,"minecraft:lectern":4,"minecraft:tall_grass":1,"minecraft:cobblestone":2,"friendsandfoes:acacia_beehive":2,"minecraft:cyan_bed":4,"minecraft:grindstone":1,"placeablesmod:bread_full_block":1,"minecraft:acacia_fence_gate":1,"minecraft:wheat":31,"luminousworld:bao_bob_log":127,"minecraft:yellow_bed":5,"minecraft:grass":5,"minecraft:oak_log":29,"minecraft:coal_ore":2,"luminousworld:bao_bab_leaves":2,"minecraft:acacia_fence":2,"minecraft:cyan_carpet":1,"minecraft:gravel":45,"minecraft:acacia_door":5,"minecraft:cobweb":1,"minecraft:acacia_planks":11,"luminousworld:elephant_grass":6,"luminousworld:savannah_grass_4":4,"minecraft:oak_leaves":11},"minecraft:dropped":{"minecraft:bread":118,"minecraft:wheat_seeds":97,"minecraft:coal":1,"tombstone:grave_key":1,"minecraft:acacia_door":2,"minecraft:string":1,"minecraft:wheat":1,"minecraft:tall_grass":1,"minecraft:rotten_flesh":10,"minecraft:cooked_mutton":1,"minecraft:melon_seeds":1,"iceandfire:crackled_cobblestone":3,"luminousworld:elephant_grass":3,"minecraft:arrow":4,"minecraft:acacia_fence":1,"minecraft:cyan_bed":2},"minecraft:custom":{"minecraft:interact_with_smithing_table":1,"minecraft:mob_kills":48,"minecraft:interact_with_crafting_table":16,"minecraft:open_barrel":14,"minecraft:bell_ring":7,"minecraft:damage_dealt_resisted":30,"minecraft:eat_cake_slice":5,"minecraft:leave_game":6,"minecraft:time_since_death":2015,"minecraft:damage_resisted":198,"minecraft:climb_one_cm":1112,"minecraft:sprint_one_cm":444371,"minecraft:walk_one_cm":477824,"minecraft:damage_blocked_by_shield":255,"minecraft:drop":36,"minecraft:talked_to_villager":39,"minecraft:play_time":181194,"minecraft:sneak_time":3103,"minecraft:deaths":15,"minecraft:walk_under_water_one_cm":2958,"minecraft:boat_one_cm":8820,"minecraft:interact_with_brewingstand":1,"minecraft:jump":2970,"minecraft:interact_with_blast_furnace":3,"minecraft:walk_on_water_one_cm":9903,"minecraft:total_world_time":181194,"minecraft:interact_with_furnace":1,"minecraft:traded_with_villager":74,"minecraft:sleep_in_bed":4,"minecraft:time_since_rest":1,"minecraft:damage_taken":6798,"minecraft:damage_absorbed":48,"minecraft:damage_dealt":12466,"minecraft:swim_one_cm":7370,"minecraft:fly_one_cm":625407,"minecraft:open_chest":105,"minecraft:crouch_one_cm":7277,"tombstone:undead_killed":34,"minecraft:fall_one_cm":87563},"minecraft:crafted":{"hangglider:glider_framework":1,"iceandfire:armor_copper_metal_helmet":1,"iceandfire:copper_axe":1,"minecraft:iron_axe":2,"minecraft:stone_pickaxe":10,"iceandfire:armor_copper_metal_chestplate":1,"iceandfire:copper_pickaxe":1,"minecraft:wheat":585,"minecraft:emerald":56,"minecraft:crafting_table":6,"minecraft:wooden_pickaxe":1,"minecraft:iron_helmet":6,"minecraft:copper_ingot":66,"minecraft:fletching_table":2,"minecraft:enchanted_book":1,"minecraft:bread":204,"minecraft:acacia_boat":1,"minecraft:air":0,"aether:iron_gloves":1,"minecraft:shield":1,"minecraft:stick":1592,"minecraft:iron_ingot":4,"minecraft:iron_pickaxe":2,"minecraft:wooden_axe":1,"minecraft:acacia_planks":100,"luminousworld:baobab_plank":588},"minecraft:killed":{"born_in_chaos_v1:restless_spirit":1,"enemyexpansion:equestrian":1,"born_in_chaos_v1:zombie_bruiser":2,"undead_revamp2:theswarmer":2,"born_in_chaos_v1:maggot":5,"minecraft:skeleton":5,"minecraft:bee":1,"luminousworld:savannah_zombie":6,"minecraft:husk":5,"born_in_chaos_v1:baby_skeleton":1,"undead_revamp2:the_moonflower":1,"luminousworld:savannah_skeleton":8,"undead_revamp2:thesomnolence":2,"minecraft:zombie":1,"iceandfire:ghost":1,"alexsmobs:gazelle":2,"enemyexpansion:botfly":3,"undead_revamp2:theskeeper":1},"minecraft:killed_by":{"minecraft:husk":4,"undead_revamp2:the_moonflower":2,"born_in_chaos_v1:zombie_bruiser":1,"undead_revamp2:thesomnolence":2,"alexsmobs:elephant":2,"minecraft:skeleton":1,"iceandfire:ghost":1,"luminousworld:savannah_zombie":1}},"DataVersion":3465}