{"stats":{"minecraft:killed_by":{"minecraft:husk":3,"undead_revamp2:the_moonflower":2},"minecraft:dropped":{"minecraft:wheat_seeds":25,"minecraft:wheat":1,"minecraft:tall_grass":1,"minecraft:cooked_mutton":1},"minecraft:mined":{"minecraft:smithing_table":1,"minecraft:scaffolding":1,"luminousworld:tall_deadbush":1,"iceandfire:copper_pile":24,"iceandfire:myrmex_desert_resin_glass":1,"luminousworld:savannah_grass_1":3,"minecraft:acacia_log":5,"minecraft:calcite":4,"luminousworld:savanna_grass_2":2,"minecraft:spawner":1,"minecraft:hay_block":29,"minecraft:wheat":27,"luminousworld:bao_bob_log":13,"minecraft:stripped_dark_oak_wood":1,"minecraft:cyan_carpet":1,"luminousworld:savannah_grass_4":2},"minecraft:killed":{"born_in_chaos_v1:baby_skeleton":1,"undead_revamp2:the_moonflower":1,"undead_revamp2:theswarmer":1,"luminousworld:savannah_zombie":1},"minecraft:picked_up":{"minecraft:wheat":29,"minecraft:salmon":1,"minecraft:smithing_table":1,"iceandfire:myrmex_desert_resin_glass":1,"minecraft:enchanted_book":2,"minecraft:item_frame":1,"minecraft:cooked_mutton":2,"minecraft:bone":1,"minecraft:wheat_seeds":84,"minecraft:iron_ingot":2,"minecraft:calcite":4,"minecraft:tall_grass":1,"minecraft:iron_boots":1,"minecraft:scaffolding":1,"iceandfire:copper_nugget":200,"minecraft:acacia_log":5,"minecraft:rotten_flesh":4,"minecraft:writable_book":1,"minecraft:hay_block":28,"alexsmobs:emu_egg":1,"minecraft:gold_ingot":2,"luminousworld:tall_deadbush":3,"tombstone:magic_scroll":1,"luminousworld:bao_bob_log":13,"minecraft:melon_seeds":1},"minecraft:custom":{"minecraft:interact_with_smithing_table":1,"minecraft:interact_with_furnace":1,"minecraft:mob_kills":4,"minecraft:interact_with_crafting_table":7,"minecraft:open_barrel":2,"minecraft:eat_cake_slice":5,"minecraft:time_since_death":3485,"minecraft:sleep_in_bed":1,"minecraft:time_since_rest":1086,"minecraft:sprint_one_cm":148015,"minecraft:damage_taken":1855,"minecraft:walk_one_cm":104737,"minecraft:drop":10,"minecraft:damage_dealt":1775,"minecraft:swim_one_cm":256,"minecraft:fly_one_cm":141271,"minecraft:open_chest":9,"minecraft:crouch_one_cm":712,"minecraft:play_time":41563,"tombstone:undead_killed":4,"minecraft:deaths":5,"minecraft:sneak_time":642,"minecraft:walk_under_water_one_cm":1180,"minecraft:jump":575,"minecraft:walk_on_water_one_cm":8865,"minecraft:total_world_time":41563,"minecraft:fall_one_cm":9176},"minecraft:broken":{"minecraft:wooden_axe":1},"minecraft:crafted":{"minecraft:crafting_table":2,"minecraft:wooden_pickaxe":1,"minecraft:copper_ingot":22,"minecraft:bread":72,"iceandfire:armor_copper_metal_helmet":1,"iceandfire:copper_axe":1,"minecraft:stick":8,"iceandfire:armor_copper_metal_chestplate":1,"minecraft:wooden_axe":1,"iceandfire:copper_pickaxe":1,"minecraft:acacia_planks":20,"minecraft:wheat":252},"minecraft:used":{"minecraft:wooden_pickaxe":25,"minecraft:crafting_table":2,"minecraft:wooden_axe":30,"iceandfire:armor_copper_metal_chestplate":1,"minecraft:bread":8,"iceandfire:copper_axe":21,"minecraft:iron_boots":1,"iceandfire:copper_pickaxe":6,"iceandfire:armor_copper_metal_helmet":1,"tombstone:gift":1,"alexsmobs:animal_dictionary":1,"minecraft:acacia_planks":1}},"DataVersion":3465}