{"stats":{"minecraft:killed":{"enemyexpansion:equestrian":1,"born_in_chaos_v1:zombie_bruiser":2,"undead_revamp2:theswarmer":2,"born_in_chaos_v1:maggot":4,"minecraft:bee":1,"luminousworld:savannah_zombie":1,"born_in_chaos_v1:baby_skeleton":1,"undead_revamp2:the_moonflower":1,"luminousworld:savannah_skeleton":7,"undead_revamp2:thesomnolence":1,"minecraft:zombie":1,"iceandfire:ghost":1,"enemyexpansion:botfly":1,"undead_revamp2:theskeeper":1},"minecraft:used":{"minecraft:iron_shovel":44,"minecraft:shield":23,"minecraft:iron_sword":55,"luminousworld:bao_bob_log":5,"minecraft:orange_bed":4,"iceandfire:myrmex_desert_resin_glass":1,"minecraft:wooden_axe":30,"minecraft:iron_axe":74,"iceandfire:copper_axe":93,"minecraft:iron_helmet":1,"minecraft:iron_boots":1,"iceandfire:copper_pickaxe":21,"luminousworld:savannah_soil":1,"iceandfire:armor_copper_metal_helmet":2,"tombstone:gift":1,"minecraft:acacia_planks":17,"minecraft:cooked_mutton":1,"minecraft:acacia_boat":1,"minecraft:acacia_trapdoor":6,"minecraft:wooden_pickaxe":25,"minecraft:fletching_table":2,"luminousworld:baobab_plank":24,"minecraft:crafting_table":6,"quark:acacia_chest":6,"minecraft:acacia_stairs":1,"iceandfire:armor_copper_metal_chestplate":1,"minecraft:bread":28,"minecraft:iron_pickaxe":53,"minecraft:smithing_table":2,"minecraft:yellow_bed":1,"alexsmobs:animal_dictionary":1},"minecraft:mined":{"iceandfire:silver_ore":3,"iceandfire:copper_pile":72,"minecraft:acacia_log":7,"iceandfire:lectern":4,"minecraft:coal_block":6,"luminousworld:baobab_plank":4,"quark:acacia_chest":6,"minecraft:acacia_slab":1,"luminousworld:savanna_grass_2":4,"minecraft:spawner":1,"minecraft:hay_block":29,"minecraft:acacia_trapdoor":11,"minecraft:acacia_wood":16,"minecraft:acacia_stairs":3,"minecraft:fletching_table":1,"minecraft:stripped_dark_oak_wood":1,"minecraft:dirt_path":3,"minecraft:stone":7,"minecraft:orange_bed":5,"iceandfire:pixie_jar_empty":3,"minecraft:smithing_table":2,"luminousworld:savannah_soil":5,"minecraft:scaffolding":1,"luminousworld:tall_deadbush":2,"iceandfire:podium_acacia":2,"iceandfire:myrmex_desert_resin_glass":1,"minecraft:crafting_table":1,"luminousworld:savannah_grass_1":3,"minecraft:calcite":4,"minecraft:lectern":2,"friendsandfoes:acacia_beehive":2,"minecraft:grindstone":1,"minecraft:wheat":30,"luminousworld:bao_bob_log":15,"minecraft:yellow_bed":1,"minecraft:acacia_fence":1,"minecraft:gravel":45,"minecraft:cyan_carpet":1,"minecraft:acacia_door":5,"minecraft:acacia_planks":3,"luminousworld:savannah_grass_4":2,"luminousworld:elephant_grass":2},"minecraft:broken":{"minecraft:wooden_axe":1},"minecraft:killed_by":{"minecraft:husk":3,"undead_revamp2:the_moonflower":2,"born_in_chaos_v1:zombie_bruiser":1,"undead_revamp2:thesomnolence":2,"minecraft:skeleton":1,"iceandfire:ghost":1},"minecraft:picked_up":{"minecraft:crafting_table":1,"minecraft:wheat":30,"minecraft:smithing_table":2,"minecraft:enchanted_book":5,"minecraft:acacia_door":7,"minecraft:iron_leggings":1,"minecraft:item_frame":2,"minecraft:experience_bottle":3,"iceandfire:bestiary":2,"minecraft:calcite":4,"minecraft:lectern":2,"minecraft:coal_block":6,"iceandfire:podium_acacia":2,"minecraft:phantom_membrane":1,"minecraft:iron_boots":1,"minecraft:acacia_fence":1,"minecraft:acacia_log":7,"luminousworld:savannah_soil":2,"tombstone:grave_dust":3,"luminousworld:baobab_plank":4,"minecraft:orange_bed":5,"artifacts:cowboy_hat":1,"minecraft:rotten_flesh":13,"minecraft:arrow":8,"minecraft:weeping_vines":1,"quark:acacia_chest":6,"minecraft:hay_block":28,"alexsmobs:emu_egg":1,"minecraft:gold_ingot":4,"supplementaries:ash":1,"luminousworld:tall_deadbush":3,"minecraft:cobblestone":7,"minecraft:golden_carrot":1,"minecraft:salmon":1,"iceandfire:myrmex_desert_resin_glass":1,"minecraft:acacia_wood":16,"minecraft:flint":5,"minecraft:yellow_bed":1,"tombstone:gift":1,"minecraft:cooked_mutton":2,"minecraft:bone":8,"minecraft:acacia_planks":3,"iceandfire:pixie_jar_empty":3,"minecraft:wheat_seeds":87,"minecraft:acacia_trapdoor":11,"minecraft:grindstone":1,"minecraft:iron_ingot":4,"luminousworld:elephant_grass":1,"minecraft:tall_grass":1,"minecraft:fletching_table":1,"minecraft:honeycomb":3,"minecraft:iron_sword":1,"minecraft:scaffolding":1,"iceandfire:copper_nugget":600,"minecraft:gravel":2,"minecraft:acacia_stairs":2,"iceandfire:lectern":4,"minecraft:writable_book":2,"tombstone:magic_scroll":1,"minecraft:acacia_slab":1,"luminousworld:bao_bob_log":15,"minecraft:melon_seeds":1,"minecraft:coal":1,"iceandfire:raw_silver":3},"minecraft:dropped":{"minecraft:wheat_seeds":91,"minecraft:coal":1,"minecraft:acacia_door":2,"minecraft:wheat":1,"minecraft:tall_grass":1,"minecraft:rotten_flesh":10,"minecraft:cooked_mutton":1,"minecraft:melon_seeds":1,"luminousworld:elephant_grass":1,"minecraft:arrow":4,"minecraft:acacia_fence":1},"minecraft:custom":{"minecraft:interact_with_smithing_table":1,"minecraft:mob_kills":25,"minecraft:interact_with_crafting_table":14,"minecraft:open_barrel":2,"minecraft:eat_cake_slice":5,"minecraft:leave_game":2,"minecraft:time_since_death":14251,"minecraft:sprint_one_cm":293221,"minecraft:walk_one_cm":264703,"minecraft:damage_blocked_by_shield":255,"minecraft:drop":21,"minecraft:talked_to_villager":11,"minecraft:play_time":101555,"minecraft:deaths":10,"minecraft:sneak_time":756,"minecraft:walk_under_water_one_cm":2498,"minecraft:boat_one_cm":8820,"minecraft:jump":1500,"minecraft:walk_on_water_one_cm":9301,"minecraft:total_world_time":101555,"minecraft:interact_with_furnace":1,"minecraft:traded_with_villager":2,"minecraft:sleep_in_bed":2,"minecraft:time_since_rest":13739,"minecraft:damage_taken":4057,"minecraft:damage_dealt":6653,"minecraft:swim_one_cm":6359,"minecraft:fly_one_cm":350435,"minecraft:open_chest":55,"minecraft:crouch_one_cm":875,"tombstone:undead_killed":18,"minecraft:fall_one_cm":38803},"minecraft:crafted":{"hangglider:glider_framework":1,"iceandfire:armor_copper_metal_helmet":1,"iceandfire:copper_axe":1,"minecraft:iron_axe":1,"iceandfire:armor_copper_metal_chestplate":1,"iceandfire:copper_pickaxe":1,"minecraft:wheat":252,"minecraft:emerald":2,"minecraft:crafting_table":6,"minecraft:wooden_pickaxe":1,"minecraft:copper_ingot":22,"minecraft:fletching_table":2,"minecraft:acacia_boat":1,"minecraft:bread":72,"minecraft:air":0,"aether:iron_gloves":1,"minecraft:shield":1,"minecraft:stick":76,"minecraft:iron_pickaxe":1,"minecraft:wooden_axe":1,"minecraft:acacia_planks":52,"luminousworld:baobab_plank":40}},"DataVersion":3465}