{"stats":{"minecraft:killed_by":{"undead_revamp2:the_moonflower":2},"minecraft:mined":{"luminousworld:savannah_grass_1":1,"minecraft:acacia_log":4,"luminousworld:savanna_grass_2":1},"minecraft:killed":{"undead_revamp2:the_moonflower":1},"minecraft:picked_up":{"minecraft:rotten_flesh":2,"minecraft:acacia_log":4},"minecraft:custom":{"minecraft:time_since_rest":1535,"tombstone:undead_killed":1,"minecraft:play_time":5563,"minecraft:sprint_one_cm":6084,"minecraft:walk_one_cm":5380,"minecraft:damage_taken":745,"minecraft:deaths":2,"minecraft:walk_under_water_one_cm":1180,"minecraft:mob_kills":1,"minecraft:jump":105,"minecraft:damage_dealt":280,"minecraft:time_since_death":1906,"minecraft:walk_on_water_one_cm":8724,"minecraft:total_world_time":5563,"minecraft:swim_one_cm":256,"minecraft:interact_with_crafting_table":3,"minecraft:fall_one_cm":3172,"minecraft:fly_one_cm":25720},"minecraft:crafted":{"minecraft:acacia_planks":16,"minecraft:crafting_table":1,"minecraft:stick":4,"minecraft:wooden_pickaxe":1,"minecraft:wooden_axe":1},"minecraft:used":{"minecraft:wooden_axe":4,"minecraft:crafting_table":1,"tombstone:gift":1,"alexsmobs:animal_dictionary":1,"minecraft:acacia_planks":1}},"DataVersion":3465}