{"stats":{"minecraft:broken":{"minecraft:iron_boots":1,"minecraft:iron_axe":1,"minecraft:iron_helmet":1,"minecraft:wooden_axe":1,"iceandfire:armor_copper_metal_chestplate":1},"minecraft:picked_up":{"born_in_chaos_v1:diamond_termite_shard":8,"minecraft:crafting_table":2,"minecraft:wheat":32,"minecraft:chainmail_boots":1,"minecraft:smithing_table":4,"minecraft:enchanted_book":5,"luminousworld:bao_bob_wood":27,"tombstone:grave_key":1,"minecraft:brewing_stand":1,"minecraft:string":3,"minecraft:acacia_door":7,"minecraft:iron_leggings":1,"minecraft:item_frame":5,"minecraft:experience_bottle":5,"minecraft:cracked_stone_bricks":1,"iceandfire:bestiary":3,"minecraft:cobbled_deepslate":24,"minecraft:acacia_fence_gate":1,"minecraft:calcite":4,"minecraft:observer":1,"minecraft:iron_pickaxe":1,"minecraft:furnace":1,"minecraft:lectern":4,"minecraft:coal_block":6,"iceandfire:podium_acacia":3,"minecraft:phantom_membrane":1,"minecraft:iron_boots":1,"minecraft:raw_iron":22,"minecraft:stripped_mangrove_wood":1,"minecraft:acacia_fence":2,"minecraft:acacia_log":27,"ironchest:iron_chest":1,"luminousworld:savannah_soil":4,"tombstone:grave_dust":3,"luminousworld:baobab_plank":4,"minecraft:orange_bed":7,"minecraft:stone_sword":1,"minecraft:rotten_flesh":29,"minecraft:arrow":15,"minecraft:weeping_vines":1,"minecraft:light_gray_bed":1,"artifacts:cowboy_hat":1,"quark:acacia_chest":9,"minecraft:hay_block":65,"alexsmobs:emu_egg":1,"minecraft:gold_ingot":5,"luminousworld:tall_deadbush":4,"supplementaries:ash":1,"minecraft:mutton":2,"minecraft:rail":31,"minecraft:cobblestone":37,"minecraft:golden_carrot":1,"minecraft:salmon":1,"minecraft:acacia_leaves":1,"minecraft:golden_leggings":1,"iceandfire:myrmex_desert_resin_glass":1,"minecraft:acacia_wood":28,"minecraft:flint":5,"minecraft:oak_log":29,"minecraft:yellow_bed":5,"minecraft:lapis_lazuli":183,"minecraft:acacia_boat":1,"minecraft:dirt":1,"minecraft:lantern":2,"tombstone:gift":1,"minecraft:cooked_mutton":2,"minecraft:bone":15,"minecraft:acacia_planks":11,"iceandfire:pixie_jar_empty":3,"minecraft:wheat_seeds":97,"minecraft:acacia_trapdoor":16,"minecraft:bell":1,"minecraft:grindstone":1,"minecraft:iron_ingot":6,"luminousworld:elephant_grass":3,"minecraft:tall_grass":1,"minecraft:fletching_table":4,"minecraft:powered_rail":2,"minecraft:iron_sword":1,"minecraft:honeycomb":3,"iceandfire:crackled_cobblestone":3,"minecraft:book":4,"minecraft:scaffolding":1,"iceandfire:copper_nugget":600,"born_in_chaos_v1:ethereal_spirit":1,"minecraft:gravel":4,"minecraft:blast_furnace":1,"minecraft:acacia_stairs":2,"minecraft:cyan_bed":6,"minecraft:diamond":2,"iceandfire:lectern":4,"minecraft:writable_book":2,"minecraft:iron_helmet":1,"minecraft:painting":2,"minecraft:emerald":1,"minecraft:spruce_sign":2,"minecraft:bread":6,"tombstone:magic_scroll":1,"luminousworld:bao_bob_log":126,"minecraft:acacia_slab":1,"minecraft:melon_seeds":6,"minecraft:coal":31,"iceandfire:raw_silver":9},"minecraft:used":{"minecraft:stone_sword":74,"minecraft:iron_shovel":44,"born_in_chaos_v1:ethereal_spirit":9,"minecraft:shield":23,"minecraft:iron_sword":123,"luminousworld:bao_bob_log":5,"minecraft:bell":1,"minecraft:orange_bed":7,"minecraft:torch":2,"minecraft:brewing_stand":1,"minecraft:anvil":1,"ironchest:iron_chest":3,"iceandfire:myrmex_desert_resin_glass":1,"minecraft:wooden_axe":30,"minecraft:lantern":1,"minecraft:iron_axe":347,"iceandfire:copper_axe":93,"minecraft:iron_helmet":2,"minecraft:iron_boots":1,"iceandfire:copper_pickaxe":21,"luminousworld:savannah_soil":2,"iceandfire:armor_copper_metal_helmet":2,"tombstone:gift":1,"minecraft:acacia_wood":1,"minecraft:cobbled_deepslate":15,"minecraft:acacia_planks":68,"minecraft:light_gray_bed":1,"minecraft:cooked_mutton":1,"minecraft:acacia_boat":1,"minecraft:acacia_trapdoor":10,"minecraft:wooden_pickaxe":25,"minecraft:fletching_table":6,"luminousworld:baobab_plank":25,"minecraft:blast_furnace":1,"minecraft:crafting_table":6,"quark:acacia_chest":6,"minecraft:painting":2,"minecraft:acacia_stairs":1,"iceandfire:armor_copper_metal_chestplate":1,"minecraft:bread":69,"minecraft:cyan_bed":2,"minecraft:iron_pickaxe":254,"minecraft:lectern":3,"tombstone:grave_key":2,"minecraft:cobblestone":18,"minecraft:potion":1,"minecraft:smithing_table":4,"alexsmobs:animal_dictionary":1,"minecraft:yellow_bed":2},"minecraft:mined":{"iceandfire:silver_ore":9,"minecraft:deepslate_diamond_ore":2,"iceandfire:copper_pile":72,"minecraft:brewing_stand":1,"minecraft:ladder":1,"minecraft:acacia_log":27,"luminousworld:bao_bob_wood":27,"minecraft:light_gray_bed":1,"iceandfire:lectern":4,"minecraft:coal_block":6,"luminousworld:baobab_plank":4,"quark:acacia_chest":9,"minecraft:acacia_slab":1,"luminousworld:savanna_grass_2":7,"minecraft:spawner":3,"iceandfire:crackled_cobblestone":3,"minecraft:hay_block":66,"minecraft:redstone_ore":2,"minecraft:furnace":1,"minecraft:acacia_trapdoor":16,"minecraft:iron_ore":4,"minecraft:fire":11,"minecraft:acacia_wood":29,"minecraft:acacia_stairs":3,"minecraft:deepslate_lapis_ore":5,"minecraft:fletching_table":4,"minecraft:stripped_dark_oak_wood":1,"minecraft:bell":1,"minecraft:vine":2,"minecraft:deepslate_iron_ore":18,"minecraft:dirt_path":4,"minecraft:rail":30,"minecraft:lantern":1,"ironchest:iron_chest":1,"minecraft:stripped_mangrove_wood":1,"minecraft:stone":33,"minecraft:orange_bed":7,"iceandfire:pixie_jar_empty":3,"minecraft:smithing_table":4,"luminousworld:savannah_soil":7,"minecraft:scaffolding":1,"minecraft:acacia_leaves":8,"minecraft:glass_pane":2,"luminousworld:tall_deadbush":4,"minecraft:observer":1,"born_in_chaos_v1:infected_deepslate_diamond_ore":5,"iceandfire:podium_acacia":3,"iceandfire:myrmex_desert_resin_glass":1,"minecraft:crafting_table":2,"luminousworld:savannah_grass_1":6,"minecraft:blast_furnace":1,"minecraft:calcite":4,"minecraft:rose_bush":1,"minecraft:lectern":4,"minecraft:tall_grass":1,"minecraft:cobblestone":36,"friendsandfoes:acacia_beehive":2,"minecraft:lapis_ore":26,"minecraft:cyan_bed":4,"minecraft:grindstone":1,"placeablesmod:bread_full_block":1,"minecraft:powered_rail":2,"minecraft:acacia_fence_gate":1,"minecraft:wheat":31,"luminousworld:bao_bob_log":127,"minecraft:yellow_bed":5,"minecraft:grass":5,"minecraft:oak_log":29,"minecraft:coal_ore":2,"luminousworld:bao_bab_leaves":2,"minecraft:acacia_fence":2,"minecraft:cyan_carpet":1,"minecraft:gravel":47,"minecraft:acacia_door":5,"minecraft:cobweb":1,"minecraft:cracked_stone_bricks":1,"minecraft:acacia_planks":11,"luminousworld:elephant_grass":6,"luminousworld:savannah_grass_4":4,"minecraft:oak_leaves":11,"minecraft:deepslate":19},"minecraft:dropped":{"minecraft:bread":118,"minecraft:wheat_seeds":97,"minecraft:cobblestone":4,"minecraft:cracked_stone_bricks":1,"minecraft:coal":1,"tombstone:grave_key":1,"minecraft:iron_pickaxe":1,"minecraft:acacia_door":2,"minecraft:string":1,"minecraft:wheat":1,"minecraft:tall_grass":1,"minecraft:rotten_flesh":10,"minecraft:cooked_mutton":1,"minecraft:pumpkin_seeds":3,"minecraft:acacia_leaves":1,"minecraft:beetroot_seeds":4,"minecraft:melon_seeds":9,"iceandfire:crackled_cobblestone":3,"luminousworld:elephant_grass":3,"minecraft:arrow":4,"minecraft:acacia_fence":1,"minecraft:cyan_bed":2},"minecraft:custom":{"minecraft:interact_with_smithing_table":1,"minecraft:mob_kills":62,"minecraft:interact_with_crafting_table":21,"minecraft:open_barrel":24,"minecraft:bell_ring":7,"minecraft:damage_dealt_resisted":30,"minecraft:eat_cake_slice":5,"minecraft:leave_game":7,"minecraft:time_since_death":9376,"minecraft:damage_resisted":198,"minecraft:climb_one_cm":6385,"minecraft:sprint_one_cm":558401,"minecraft:walk_one_cm":565283,"minecraft:damage_blocked_by_shield":255,"minecraft:drop":44,"minecraft:talked_to_villager":44,"minecraft:play_time":217500,"minecraft:sneak_time":3315,"minecraft:deaths":20,"minecraft:walk_under_water_one_cm":6159,"minecraft:boat_one_cm":8820,"minecraft:interact_with_brewingstand":1,"minecraft:jump":3590,"minecraft:interact_with_blast_furnace":6,"minecraft:walk_on_water_one_cm":13468,"minecraft:total_world_time":217500,"minecraft:interact_with_furnace":1,"minecraft:traded_with_villager":74,"minecraft:sleep_in_bed":4,"minecraft:time_since_rest":8963,"minecraft:damage_taken":8620,"minecraft:damage_absorbed":48,"minecraft:damage_dealt":15320,"minecraft:swim_one_cm":8327,"minecraft:fly_one_cm":778063,"minecraft:open_chest":149,"minecraft:crouch_one_cm":7792,"tombstone:undead_killed":39,"minecraft:fall_one_cm":127884},"minecraft:crafted":{"hangglider:glider_framework":1,"iceandfire:armor_copper_metal_helmet":1,"iceandfire:copper_axe":1,"tombstone:grave_key":1,"minecraft:iron_axe":2,"minecraft:stone_pickaxe":10,"iceandfire:armor_copper_metal_chestplate":1,"iceandfire:copper_pickaxe":1,"minecraft:wheat":585,"minecraft:emerald":56,"minecraft:crafting_table":6,"minecraft:wooden_pickaxe":1,"minecraft:iron_helmet":6,"minecraft:copper_ingot":66,"minecraft:fletching_table":2,"minecraft:enchanted_book":1,"minecraft:bread":204,"minecraft:acacia_boat":1,"minecraft:air":0,"aether:iron_gloves":1,"minecraft:shield":1,"minecraft:stick":1592,"minecraft:iron_ingot":22,"minecraft:iron_pickaxe":2,"minecraft:wooden_axe":1,"minecraft:iron_block":1,"minecraft:anvil":1,"minecraft:acacia_planks":100,"luminousworld:baobab_plank":588,"ironchest:iron_chest":2},"minecraft:killed":{"born_in_chaos_v1:restless_spirit":1,"enemyexpansion:equestrian":1,"enemyexpansion:direwolf":1,"quark:forgotten":1,"born_in_chaos_v1:zombie_bruiser":2,"undead_revamp2:theswarmer":2,"born_in_chaos_v1:maggot":5,"minecraft:skeleton":6,"minecraft:bee":1,"luminousworld:savannah_zombie":6,"artifacts:mimic":1,"minecraft:husk":5,"born_in_chaos_v1:diamond_termite":7,"born_in_chaos_v1:baby_skeleton":1,"undead_revamp2:the_moonflower":1,"enemyexpansion:sprinter":1,"luminousworld:savannah_skeleton":8,"undead_revamp2:thesomnolence":2,"minecraft:zombie":2,"iceandfire:ghost":1,"alexsmobs:gazelle":2,"enemyexpansion:botfly":3,"undead_revamp2:theskeeper":1,"enemyexpansion:slugger":1},"minecraft:killed_by":{"minecraft:husk":4,"undead_revamp2:the_moonflower":2,"endermanoverhaul:cave_enderman":1,"born_in_chaos_v1:zombie_bruiser":1,"undead_revamp2:thesomnolence":2,"alexsmobs:elephant":2,"enemyexpansion:huntsman":1,"born_in_chaos_v1:diamond_termite":1,"minecraft:skeleton":1,"iceandfire:ghost":1,"luminousworld:savannah_zombie":1,"luminousworld:savannah_skeleton":1}},"DataVersion":3465}