{"stats":{"minecraft:killed_by":{"minecraft:husk":3,"undead_revamp2:the_moonflower":2,"minecraft:skeleton":1,"born_in_chaos_v1:zombie_bruiser":1,"undead_revamp2:thesomnolence":1},"minecraft:dropped":{"minecraft:wheat_seeds":91,"minecraft:wheat":1,"minecraft:tall_grass":1,"minecraft:rotten_flesh":10,"minecraft:cooked_mutton":1,"minecraft:coal":1,"minecraft:melon_seeds":1,"luminousworld:elephant_grass":1,"minecraft:arrow":4,"minecraft:acacia_door":2,"minecraft:acacia_fence":1},"minecraft:mined":{"iceandfire:pixie_jar_empty":1,"minecraft:smithing_table":2,"luminousworld:savannah_soil":3,"minecraft:scaffolding":1,"iceandfire:silver_ore":2,"luminousworld:tall_deadbush":1,"iceandfire:copper_pile":48,"iceandfire:myrmex_desert_resin_glass":1,"minecraft:crafting_table":1,"luminousworld:savannah_grass_1":3,"minecraft:acacia_log":6,"minecraft:calcite":4,"iceandfire:lectern":2,"minecraft:lectern":2,"minecraft:coal_block":6,"friendsandfoes:acacia_beehive":2,"minecraft:grindstone":1,"luminousworld:savanna_grass_2":4,"minecraft:spawner":1,"minecraft:hay_block":29,"minecraft:acacia_trapdoor":2,"minecraft:wheat":30,"minecraft:acacia_stairs":2,"luminousworld:bao_bob_log":13,"minecraft:yellow_bed":1,"minecraft:stripped_dark_oak_wood":1,"minecraft:dirt_path":3,"minecraft:acacia_door":2,"minecraft:acacia_fence":1,"minecraft:cyan_carpet":1,"minecraft:gravel":43,"luminousworld:elephant_grass":2,"minecraft:acacia_planks":1,"minecraft:stone":6,"luminousworld:savannah_grass_4":2},"minecraft:killed":{"born_in_chaos_v1:baby_skeleton":1,"undead_revamp2:the_moonflower":1,"born_in_chaos_v1:zombie_bruiser":1,"born_in_chaos_v1:maggot":4,"undead_revamp2:theswarmer":2,"luminousworld:savannah_skeleton":3,"undead_revamp2:thesomnolence":1,"minecraft:zombie":1,"minecraft:bee":1,"undead_revamp2:theskeeper":1,"luminousworld:savannah_zombie":1},"minecraft:picked_up":{"minecraft:crafting_table":1,"minecraft:wheat":29,"minecraft:golden_carrot":1,"minecraft:salmon":1,"minecraft:smithing_table":2,"iceandfire:myrmex_desert_resin_glass":1,"minecraft:enchanted_book":5,"minecraft:flint":5,"minecraft:yellow_bed":1,"tombstone:gift":1,"minecraft:acacia_door":4,"minecraft:iron_leggings":1,"minecraft:cooked_mutton":2,"minecraft:item_frame":2,"minecraft:bone":5,"minecraft:experience_bottle":3,"minecraft:acacia_planks":1,"iceandfire:pixie_jar_empty":1,"minecraft:acacia_trapdoor":2,"minecraft:wheat_seeds":86,"minecraft:iron_ingot":4,"minecraft:grindstone":1,"luminousworld:elephant_grass":1,"minecraft:calcite":4,"minecraft:tall_grass":1,"minecraft:phantom_membrane":1,"minecraft:lectern":2,"minecraft:coal_block":6,"minecraft:iron_sword":1,"minecraft:honeycomb":3,"minecraft:iron_boots":1,"minecraft:scaffolding":1,"iceandfire:copper_nugget":400,"minecraft:acacia_fence":1,"minecraft:acacia_log":6,"tombstone:grave_dust":2,"minecraft:acacia_stairs":1,"minecraft:weeping_vines":1,"minecraft:arrow":6,"minecraft:rotten_flesh":10,"artifacts:cowboy_hat":1,"iceandfire:lectern":2,"minecraft:writable_book":2,"minecraft:hay_block":28,"alexsmobs:emu_egg":1,"minecraft:gold_ingot":4,"luminousworld:tall_deadbush":3,"supplementaries:ash":1,"tombstone:magic_scroll":1,"luminousworld:bao_bob_log":13,"minecraft:melon_seeds":1,"minecraft:coal":1,"iceandfire:raw_silver":2,"minecraft:cobblestone":6},"minecraft:custom":{"minecraft:interact_with_smithing_table":1,"minecraft:interact_with_furnace":1,"minecraft:mob_kills":17,"minecraft:interact_with_crafting_table":10,"minecraft:open_barrel":2,"minecraft:eat_cake_slice":5,"minecraft:leave_game":2,"minecraft:time_since_death":13485,"minecraft:sleep_in_bed":2,"minecraft:time_since_rest":12751,"minecraft:sprint_one_cm":245364,"minecraft:damage_taken":3037,"minecraft:walk_one_cm":196890,"minecraft:damage_blocked_by_shield":255,"minecraft:drop":21,"minecraft:damage_dealt":4063,"minecraft:swim_one_cm":6359,"minecraft:talked_to_villager":4,"minecraft:fly_one_cm":262004,"minecraft:open_chest":30,"minecraft:crouch_one_cm":778,"minecraft:play_time":77756,"minecraft:sneak_time":716,"tombstone:undead_killed":11,"minecraft:deaths":8,"minecraft:walk_under_water_one_cm":2498,"minecraft:jump":1066,"minecraft:total_world_time":77756,"minecraft:walk_on_water_one_cm":9301,"minecraft:fall_one_cm":25501},"minecraft:broken":{"minecraft:wooden_axe":1},"minecraft:crafted":{"hangglider:glider_framework":1,"minecraft:crafting_table":4,"minecraft:wooden_pickaxe":1,"minecraft:copper_ingot":22,"minecraft:bread":72,"iceandfire:armor_copper_metal_helmet":1,"aether:iron_gloves":1,"iceandfire:copper_axe":1,"minecraft:shield":1,"minecraft:iron_axe":1,"minecraft:stick":12,"minecraft:iron_pickaxe":1,"iceandfire:armor_copper_metal_chestplate":1,"minecraft:wooden_axe":1,"iceandfire:copper_pickaxe":1,"minecraft:acacia_planks":20,"luminousworld:baobab_plank":32,"minecraft:wheat":252},"minecraft:used":{"minecraft:cooked_mutton":1,"minecraft:iron_shovel":41,"minecraft:acacia_trapdoor":2,"minecraft:wooden_pickaxe":25,"minecraft:shield":23,"minecraft:iron_sword":13,"luminousworld:bao_bob_log":5,"luminousworld:baobab_plank":17,"minecraft:crafting_table":4,"iceandfire:myrmex_desert_resin_glass":1,"minecraft:wooden_axe":30,"minecraft:acacia_stairs":1,"iceandfire:armor_copper_metal_chestplate":1,"minecraft:iron_axe":12,"minecraft:bread":17,"minecraft:iron_pickaxe":26,"iceandfire:copper_axe":93,"minecraft:iron_helmet":1,"minecraft:iron_boots":1,"iceandfire:copper_pickaxe":21,"iceandfire:armor_copper_metal_helmet":2,"minecraft:smithing_table":2,"alexsmobs:animal_dictionary":1,"tombstone:gift":1,"minecraft:yellow_bed":1,"minecraft:acacia_planks":1}},"DataVersion":3465}