{"stats":{"minecraft:killed_by":{"minecraft:husk":3,"undead_revamp2:the_moonflower":2,"minecraft:skeleton":1,"born_in_chaos_v1:zombie_bruiser":1,"undead_revamp2:thesomnolence":1},"minecraft:dropped":{"minecraft:wheat_seeds":91,"minecraft:wheat":1,"minecraft:tall_grass":1,"minecraft:rotten_flesh":10,"minecraft:cooked_mutton":1,"minecraft:coal":1,"minecraft:melon_seeds":1,"luminousworld:elephant_grass":1,"minecraft:arrow":4,"minecraft:acacia_fence":1,"minecraft:acacia_door":2},"minecraft:mined":{"iceandfire:pixie_jar_empty":1,"minecraft:smithing_table":2,"luminousworld:savannah_soil":3,"minecraft:scaffolding":1,"iceandfire:silver_ore":2,"luminousworld:tall_deadbush":1,"iceandfire:copper_pile":36,"iceandfire:myrmex_desert_resin_glass":1,"minecraft:crafting_table":1,"luminousworld:savannah_grass_1":3,"minecraft:acacia_log":6,"minecraft:calcite":4,"minecraft:lectern":1,"iceandfire:lectern":2,"minecraft:coal_block":6,"friendsandfoes:acacia_beehive":2,"minecraft:grindstone":1,"luminousworld:savanna_grass_2":4,"minecraft:spawner":1,"minecraft:hay_block":29,"minecraft:wheat":30,"minecraft:acacia_stairs":1,"luminousworld:bao_bob_log":13,"minecraft:yellow_bed":1,"minecraft:stripped_dark_oak_wood":1,"minecraft:dirt_path":3,"minecraft:gravel":43,"minecraft:acacia_fence":1,"minecraft:cyan_carpet":1,"minecraft:stone":6,"minecraft:acacia_planks":1,"luminousworld:elephant_grass":2,"luminousworld:savannah_grass_4":2},"minecraft:killed":{"born_in_chaos_v1:baby_skeleton":1,"undead_revamp2:the_moonflower":1,"born_in_chaos_v1:zombie_bruiser":1,"born_in_chaos_v1:maggot":4,"undead_revamp2:theswarmer":2,"luminousworld:savannah_skeleton":3,"undead_revamp2:thesomnolence":1,"minecraft:zombie":1,"minecraft:bee":1,"undead_revamp2:theskeeper":1,"luminousworld:savannah_zombie":1},"minecraft:picked_up":{"minecraft:crafting_table":1,"minecraft:wheat":29,"minecraft:golden_carrot":1,"minecraft:salmon":1,"minecraft:smithing_table":2,"iceandfire:myrmex_desert_resin_glass":1,"minecraft:enchanted_book":5,"minecraft:flint":5,"minecraft:yellow_bed":1,"tombstone:gift":1,"minecraft:acacia_door":2,"minecraft:iron_leggings":1,"minecraft:item_frame":2,"minecraft:cooked_mutton":2,"minecraft:experience_bottle":2,"minecraft:bone":5,"minecraft:acacia_planks":1,"iceandfire:pixie_jar_empty":1,"minecraft:wheat_seeds":86,"minecraft:grindstone":1,"minecraft:iron_ingot":4,"luminousworld:elephant_grass":1,"minecraft:calcite":4,"minecraft:tall_grass":1,"minecraft:lectern":1,"minecraft:iron_sword":1,"minecraft:coal_block":6,"minecraft:honeycomb":3,"minecraft:iron_boots":1,"minecraft:scaffolding":1,"iceandfire:copper_nugget":300,"minecraft:acacia_fence":1,"minecraft:acacia_log":6,"tombstone:grave_dust":2,"minecraft:acacia_stairs":1,"artifacts:cowboy_hat":1,"minecraft:arrow":6,"minecraft:rotten_flesh":10,"iceandfire:lectern":2,"minecraft:writable_book":2,"minecraft:hay_block":28,"alexsmobs:emu_egg":1,"supplementaries:ash":1,"minecraft:gold_ingot":3,"luminousworld:tall_deadbush":3,"tombstone:magic_scroll":1,"luminousworld:bao_bob_log":13,"minecraft:melon_seeds":1,"minecraft:coal":1,"minecraft:cobblestone":6,"iceandfire:raw_silver":2},"minecraft:custom":{"minecraft:interact_with_smithing_table":1,"minecraft:interact_with_furnace":1,"minecraft:mob_kills":17,"minecraft:interact_with_crafting_table":10,"minecraft:open_barrel":2,"minecraft:eat_cake_slice":5,"minecraft:leave_game":1,"minecraft:time_since_death":3608,"minecraft:sleep_in_bed":2,"minecraft:time_since_rest":2874,"minecraft:sprint_one_cm":229551,"minecraft:damage_taken":2961,"minecraft:walk_one_cm":182644,"minecraft:damage_blocked_by_shield":255,"minecraft:drop":21,"minecraft:damage_dealt":4063,"minecraft:swim_one_cm":6359,"minecraft:talked_to_villager":4,"minecraft:fly_one_cm":234204,"minecraft:open_chest":20,"minecraft:crouch_one_cm":778,"minecraft:play_time":67879,"tombstone:undead_killed":11,"minecraft:deaths":8,"minecraft:sneak_time":716,"minecraft:walk_under_water_one_cm":2498,"minecraft:jump":957,"minecraft:walk_on_water_one_cm":9153,"minecraft:total_world_time":67879,"minecraft:fall_one_cm":21174},"minecraft:broken":{"minecraft:wooden_axe":1},"minecraft:crafted":{"hangglider:glider_framework":1,"minecraft:crafting_table":4,"minecraft:wooden_pickaxe":1,"minecraft:copper_ingot":22,"minecraft:bread":72,"iceandfire:armor_copper_metal_helmet":1,"aether:iron_gloves":1,"iceandfire:copper_axe":1,"minecraft:shield":1,"minecraft:iron_axe":1,"minecraft:stick":12,"minecraft:iron_pickaxe":1,"iceandfire:armor_copper_metal_chestplate":1,"minecraft:wooden_axe":1,"iceandfire:copper_pickaxe":1,"minecraft:acacia_planks":20,"luminousworld:baobab_plank":32,"minecraft:wheat":252},"minecraft:used":{"minecraft:cooked_mutton":1,"minecraft:iron_shovel":41,"minecraft:shield":23,"minecraft:wooden_pickaxe":25,"minecraft:iron_sword":13,"luminousworld:bao_bob_log":5,"luminousworld:baobab_plank":17,"minecraft:crafting_table":4,"iceandfire:myrmex_desert_resin_glass":1,"minecraft:wooden_axe":30,"minecraft:acacia_stairs":1,"iceandfire:armor_copper_metal_chestplate":1,"minecraft:iron_axe":5,"minecraft:bread":15,"minecraft:iron_pickaxe":15,"iceandfire:copper_axe":93,"minecraft:iron_boots":1,"iceandfire:copper_pickaxe":21,"minecraft:smithing_table":1,"iceandfire:armor_copper_metal_helmet":1,"minecraft:yellow_bed":1,"tombstone:gift":1,"alexsmobs:animal_dictionary":1,"minecraft:acacia_planks":1}},"DataVersion":3465}