{"stats":{"minecraft:killed":{"enemyexpansion:equestrian":1,"born_in_chaos_v1:zombie_bruiser":1,"undead_revamp2:theswarmer":2,"born_in_chaos_v1:maggot":4,"minecraft:bee":1,"luminousworld:savannah_zombie":1,"born_in_chaos_v1:baby_skeleton":1,"undead_revamp2:the_moonflower":1,"luminousworld:savannah_skeleton":6,"undead_revamp2:thesomnolence":1,"minecraft:zombie":1,"iceandfire:ghost":1,"undead_revamp2:theskeeper":1},"minecraft:used":{"minecraft:iron_shovel":44,"minecraft:shield":23,"minecraft:iron_sword":27,"luminousworld:bao_bob_log":5,"iceandfire:myrmex_desert_resin_glass":1,"minecraft:wooden_axe":30,"minecraft:iron_axe":38,"iceandfire:copper_axe":93,"minecraft:iron_helmet":1,"minecraft:iron_boots":1,"iceandfire:copper_pickaxe":21,"iceandfire:armor_copper_metal_helmet":2,"tombstone:gift":1,"minecraft:acacia_planks":2,"minecraft:cooked_mutton":1,"minecraft:acacia_trapdoor":2,"minecraft:wooden_pickaxe":25,"luminousworld:baobab_plank":24,"minecraft:crafting_table":4,"minecraft:acacia_stairs":1,"iceandfire:armor_copper_metal_chestplate":1,"minecraft:bread":20,"minecraft:iron_pickaxe":43,"minecraft:smithing_table":2,"minecraft:yellow_bed":1,"alexsmobs:animal_dictionary":1},"minecraft:mined":{"iceandfire:silver_ore":3,"iceandfire:copper_pile":63,"minecraft:acacia_log":6,"iceandfire:lectern":2,"minecraft:coal_block":6,"quark:acacia_chest":2,"minecraft:acacia_slab":1,"luminousworld:savanna_grass_2":4,"minecraft:spawner":1,"minecraft:hay_block":29,"minecraft:acacia_trapdoor":7,"minecraft:acacia_wood":6,"minecraft:acacia_stairs":2,"minecraft:stripped_dark_oak_wood":1,"minecraft:dirt_path":3,"minecraft:stone":7,"minecraft:orange_bed":1,"iceandfire:pixie_jar_empty":1,"minecraft:smithing_table":2,"luminousworld:savannah_soil":4,"minecraft:scaffolding":1,"luminousworld:tall_deadbush":1,"iceandfire:myrmex_desert_resin_glass":1,"minecraft:crafting_table":1,"luminousworld:savannah_grass_1":3,"minecraft:calcite":4,"minecraft:lectern":2,"friendsandfoes:acacia_beehive":2,"minecraft:grindstone":1,"minecraft:wheat":30,"luminousworld:bao_bob_log":15,"minecraft:yellow_bed":1,"minecraft:acacia_fence":1,"minecraft:gravel":45,"minecraft:cyan_carpet":1,"minecraft:acacia_door":2,"minecraft:acacia_planks":1,"luminousworld:savannah_grass_4":2,"luminousworld:elephant_grass":2},"minecraft:broken":{"minecraft:wooden_axe":1},"minecraft:killed_by":{"minecraft:husk":3,"undead_revamp2:the_moonflower":2,"born_in_chaos_v1:zombie_bruiser":1,"undead_revamp2:thesomnolence":2,"minecraft:skeleton":1,"iceandfire:ghost":1},"minecraft:picked_up":{"minecraft:crafting_table":1,"minecraft:wheat":29,"minecraft:smithing_table":2,"minecraft:enchanted_book":5,"minecraft:acacia_door":4,"minecraft:iron_leggings":1,"minecraft:item_frame":2,"minecraft:experience_bottle":3,"minecraft:calcite":4,"minecraft:lectern":2,"minecraft:coal_block":6,"minecraft:phantom_membrane":1,"minecraft:iron_boots":1,"minecraft:acacia_fence":1,"minecraft:acacia_log":6,"luminousworld:savannah_soil":1,"tombstone:grave_dust":3,"minecraft:orange_bed":1,"artifacts:cowboy_hat":1,"minecraft:rotten_flesh":10,"minecraft:arrow":8,"minecraft:weeping_vines":1,"quark:acacia_chest":2,"minecraft:hay_block":28,"alexsmobs:emu_egg":1,"minecraft:gold_ingot":4,"supplementaries:ash":1,"luminousworld:tall_deadbush":3,"minecraft:cobblestone":7,"minecraft:golden_carrot":1,"minecraft:salmon":1,"iceandfire:myrmex_desert_resin_glass":1,"minecraft:acacia_wood":6,"minecraft:flint":5,"minecraft:yellow_bed":1,"tombstone:gift":1,"minecraft:cooked_mutton":2,"minecraft:bone":8,"minecraft:acacia_planks":1,"iceandfire:pixie_jar_empty":1,"minecraft:wheat_seeds":86,"minecraft:acacia_trapdoor":7,"minecraft:grindstone":1,"minecraft:iron_ingot":4,"luminousworld:elephant_grass":1,"minecraft:tall_grass":1,"minecraft:honeycomb":3,"minecraft:iron_sword":1,"minecraft:scaffolding":1,"iceandfire:copper_nugget":514,"minecraft:gravel":2,"minecraft:acacia_stairs":1,"iceandfire:lectern":2,"minecraft:writable_book":2,"tombstone:magic_scroll":1,"minecraft:acacia_slab":1,"luminousworld:bao_bob_log":15,"minecraft:melon_seeds":1,"minecraft:coal":1,"iceandfire:raw_silver":3},"minecraft:dropped":{"minecraft:wheat_seeds":91,"minecraft:coal":1,"minecraft:acacia_door":2,"minecraft:wheat":1,"minecraft:tall_grass":1,"minecraft:rotten_flesh":10,"minecraft:cooked_mutton":1,"minecraft:melon_seeds":1,"luminousworld:elephant_grass":1,"minecraft:arrow":4,"minecraft:acacia_fence":1},"minecraft:custom":{"minecraft:interact_with_smithing_table":1,"minecraft:mob_kills":22,"minecraft:interact_with_crafting_table":10,"minecraft:open_barrel":2,"minecraft:eat_cake_slice":5,"minecraft:leave_game":2,"minecraft:time_since_death":2251,"minecraft:sprint_one_cm":267547,"minecraft:walk_one_cm":226067,"minecraft:damage_blocked_by_shield":255,"minecraft:drop":21,"minecraft:talked_to_villager":4,"minecraft:play_time":89555,"minecraft:deaths":10,"minecraft:sneak_time":716,"minecraft:walk_under_water_one_cm":2498,"minecraft:jump":1321,"minecraft:walk_on_water_one_cm":9301,"minecraft:total_world_time":89555,"minecraft:interact_with_furnace":1,"minecraft:sleep_in_bed":2,"minecraft:time_since_rest":1739,"minecraft:damage_taken":3551,"minecraft:damage_dealt":5308,"minecraft:swim_one_cm":6359,"minecraft:fly_one_cm":317111,"minecraft:open_chest":35,"minecraft:crouch_one_cm":778,"tombstone:undead_killed":16,"minecraft:fall_one_cm":31377},"minecraft:crafted":{"hangglider:glider_framework":1,"iceandfire:armor_copper_metal_helmet":1,"iceandfire:copper_axe":1,"minecraft:iron_axe":1,"iceandfire:armor_copper_metal_chestplate":1,"iceandfire:copper_pickaxe":1,"minecraft:wheat":252,"minecraft:crafting_table":4,"minecraft:wooden_pickaxe":1,"minecraft:copper_ingot":22,"minecraft:bread":72,"aether:iron_gloves":1,"minecraft:shield":1,"minecraft:stick":12,"minecraft:iron_pickaxe":1,"minecraft:wooden_axe":1,"minecraft:acacia_planks":44,"luminousworld:baobab_plank":40}},"DataVersion":3465}